-- phpMyAdmin SQL Dump
-- version 5.2.1
-- https://www.phpmyadmin.net/
--
-- Host: 127.0.0.1
-- Tempo de geração: 23/11/2023 às 18:33
-- Versão do servidor: 10.4.28-MariaDB
-- Versão do PHP: 8.2.4

SET SQL_MODE = "NO_AUTO_VALUE_ON_ZERO";
START TRANSACTION;
SET time_zone = "+00:00";


/*!40101 SET @OLD_CHARACTER_SET_CLIENT=@@CHARACTER_SET_CLIENT */;
/*!40101 SET @OLD_CHARACTER_SET_RESULTS=@@CHARACTER_SET_RESULTS */;
/*!40101 SET @OLD_COLLATION_CONNECTION=@@COLLATION_CONNECTION */;
/*!40101 SET NAMES utf8mb4 */;

--
-- Banco de dados: `tcc_biblioetec`
--

--
-- Despejando dados para a tabela `autor`
--

INSERT INTO `autor` (`idautor`, `nome_autor`) VALUES
(1, 'Luís de Camões'),
(2, 'Aluísio Azevedo'),
(3, 'Mário de Andrade'),
(4, ' Euclides da Cunha'),
(5, 'Clarice Lispector'),
(6, ' Edgar Allan Poe'),
(7, ' Graciliano Ramos'),
(8, 'Machado de Assis'),
(9, 'Silvia Panazzo'),
(10, 'Maria Luísa Vaz'),
(11, 'Laima Mesgravis '),
(12, 'Axé Silva '),
(13, 'Jurandyr Ross'),
(14, ' Jack Fairweather'),
(15, ' Winston Churchill'),
(16, 'Karen Wynn Fonstad '),
(17, 'João Carlos Moreira '),
(18, 'Platão '),
(19, 'Jostein Gaarder '),
(20, 'Byung-Chul Han '),
(21, ' Anna Claybourne'),
(22, 'Cezar A. Mortari'),
(23, 'Robério Gonçalves '),
(24, 'Mary Jane Sterling'),
(25, 'Marcos José Chiquetto '),
(26, 'Eleandro Feijó'),
(27, 'Tiago Floriano'),
(28, ' Carlo Rovelli'),
(29, ' Richard Feynman '),
(30, ' Paul G. Hewitt'),
(31, 'Charles Darwin'),
(32, 'Mark Fellowes Nick Battey '),
(33, 'Bruce Alberts '),
(34, 'Alexander Johnson '),
(35, 'Julian Lewis'),
(36, ' David Morgan '),
(37, 'Martin Raff '),
(38, 'David L. Nelson '),
(39, 'Michael M. Cox'),
(40, 'Renato Crespo Pereira'),
(41, 'Abílio Soares-Gomes'),
(42, ' FAPERJ '),
(43, 'Sônia Lopes'),
(44, 'Sérgio Rosso '),
(45, 'Fernando Gewandsznajde '),
(46, 'Sérgio Linhares'),
(47, 'Helena Pacca'),
(48, ' José Mariano Amabis'),
(49, 'G. R. Martho'),
(50, ' Ernest Mayr '),
(51, 'Clarice Foster Cordeiro '),
(52, 'Emma Marriot'),
(53, 'Laurentino Gomes'),
(54, 'Sun Tzu '),
(55, 'Anne Frank '),
(56, 'Joe Sacco'),
(57, 'Nicolau Maquiavel '),
(58, 'Oscar João Abdounur'),
(59, ' Dirceu Zaleski Filho'),
(60, 'Rafael Procopio '),
(61, 'Leonard Mlodinow'),
(62, 'Simon Singh'),
(63, ' Milton Santos'),
(64, ' Ariovaldo Umbelino de Oliveira'),
(65, 'Jurandyr Luciano Sanches Ross'),
(66, 'Francisco Capuano SCARLATO'),
(67, 'Sueli ANGELO'),
(68, 'José Bueno CONTI'),
(69, 'James L. Gelvin '),
(70, 'Anderson Birman'),
(71, 'Marc Bloch'),
(72, ' Stephen Hawking '),
(73, 'Johnjoe McFadden'),
(74, 'Guido Tonelli '),
(75, 'Richard P. Feynman'),
(76, 'Steven Holzner');

--
-- Despejando dados para a tabela `capas`
--

INSERT INTO `capas` (`idcapas`, `local_capas`, `nome_capas`) VALUES
(1, '../../livros/random/gerar655f34c0d1e14.png', '001.png'),
(2, '../../livros/random/gerar655f35714708b.png', '002.png'),
(3, '../../livros/random/gerar655f360f3a843.png', '003.png'),
(4, '../../livros/random/gerar655f366363777.png', '004.png'),
(5, '../../livros/random/gerar655f36c3ed17b.png', '005.png'),
(6, '../../livros/random/gerar655f3759d6722.png', '006.png'),
(7, '../../livros/random/gerar655f37bdd5cde.png', '007.png'),
(8, '../../livros/random/gerar655f381e116b5.png', '008.png'),
(9, '../../livros/random/gerar655f385a70a2c.png', '009.png'),
(10, '../../livros/random/gerar655f38a2d3e0d.png', '010.png'),
(11, '../../livros/random/gerar655f3a3920e6d.png', '001.png'),
(12, '../../livros/random/gerar655f3cfaa03a8.png', '002.png'),
(13, '../../livros/random/gerar655f3d9118f80.png', '003.png'),
(14, '../../livros/random/gerar655f3e1e0ae7d.png', '004.png'),
(15, '../../livros/random/gerar655f3e750fafd.png', '005.png'),
(16, '../../livros/random/gerar655f3efa5df6c.png', '006.png'),
(17, '../../livros/random/gerar655f3f78078f9.png', '007.png'),
(18, '../../livros/random/gerar655f3ff0b220c.png', '008.png'),
(19, '../../livros/random/gerar655f405917fb5.png', '009.png'),
(20, '../../livros/random/gerar655f40c224329.png', '010.png'),
(21, '../../livros/random/gerar655f4250c1c2f.png', '001.png'),
(22, '../../livros/random/gerar655f429f03432.png', '002.png'),
(23, '../../livros/random/gerar655f4302bd6e1.png', '003.png'),
(24, '../../livros/random/gerar655f4378e2872.png', '004.png'),
(25, '../../livros/random/gerar655f43a9ad50a.png', '005.png'),
(26, '../../livros/random/gerar655f44443cb81.png', '006.png'),
(27, '../../livros/random/gerar655f45553989e.png', '006.png'),
(28, '../../livros/random/gerar655f4566572cd.png', '006.png'),
(29, '../../livros/random/gerar655f457ead953.png', '007.png'),
(30, '../../livros/random/gerar655f461cd3c52.png', '008.png'),
(31, '../../livros/random/gerar655f468e984c1.png', '009.png'),
(32, '../../livros/random/gerar655f4738f0854.png', '010.PNG'),
(33, '../../livros/random/gerar655f48a4df30f.png', '001.png'),
(34, '../../livros/random/gerar655f48f1ccc75.png', '002.png'),
(35, '../../livros/random/gerar655f4976c9364.png', '003.png'),
(36, '../../livros/random/gerar655f49fcdfcc2.png', '004.png'),
(37, '../../livros/random/gerar655f4a7ee6fe9.png', '005.png'),
(38, '../../livros/random/gerar655f4b2587807.png', '006.png'),
(39, '../../livros/random/gerar655f4bab24c51.png', '007.png'),
(40, '../../livros/random/gerar655f4c0cc8052.png', '008.png'),
(41, '../../livros/random/gerar655f4cb93d1fe.png', '009.png'),
(42, '../../livros/random/gerar655f4d01df9db.png', '010.png'),
(43, '../../livros/random/gerar655f7775cabc6.png', '001.png'),
(44, '../../livros/random/gerar655f78092d03d.png', '002.png'),
(45, '../../livros/random/gerar655f78625db8e.png', '003.png'),
(46, '../../livros/random/gerar655f78be01664.png', '004.png'),
(47, '../../livros/random/gerar655f791ed51de.png', '005.png'),
(48, '../../livros/random/gerar655f798676805.png', '006.png'),
(49, '../../livros/random/gerar655f79f19d4bd.png', '001.png'),
(50, '../../livros/random/gerar655f7a3b63f26.png', '002.png'),
(51, '../../livros/random/gerar655f7aad80245.png', '003.png'),
(52, '../../livros/random/gerar655f7af7a0dcc.png', '004.png'),
(53, '../../livros/random/gerar655f7b57cee01.png', '007.png'),
(54, '../../livros/random/gerar655f7bfedb528.png', '006.png'),
(55, '../../livros/random/gerar655f7cb378550.png', '009.PNG'),
(56, '../../livros/random/gerar655f7d2737557.png', '010.png'),
(57, '../../livros/random/gerar655f7d6e96048.png', '011.png'),
(58, '../../livros/random/gerar655f7dd0531bd.png', '012.png'),
(59, '../../livros/random/gerar655f7e241bb57.png', '013.png'),
(60, '../../livros/random/gerar655f7ecd06dcc.png', '1.png'),
(61, '../../livros/random/gerar655f7f46d54b7.png', '2.png'),
(62, '../../livros/random/gerar655f7f94842d4.jpg', '3,png.jpg'),
(63, '../../livros/random/gerar655f801b1036e.png', '4.png'),
(64, '../../livros/random/gerar655f80634fdcf.png', '5.png');

--
-- Despejando dados para a tabela `categoria`
--

INSERT INTO `categoria` (`idcategoria`, `nome_categoria`) VALUES
(1, 'Literatura'),
(2, 'História'),
(3, 'Geografia'),
(4, 'Humanas'),
(5, 'Filosofia'),
(6, 'Sociologia'),
(7, 'Matemática'),
(8, 'Exatas'),
(9, 'Física'),
(10, 'Biológicas'),
(11, 'Biologia'),
(12, 'Edusp');

--
-- Despejando dados para a tabela `editora`
--

INSERT INTO `editora` (`ideditora`, `nome_editora`) VALUES
(1, 'Nabu Press'),
(2, 'Ática'),
(3, 'Panda Books'),
(4, 'Melhoramentos'),
(5, 'Martin Claret'),
(6, 'Rocco'),
(7, 'Record'),
(8, 'Principis'),
(9, 'Penguin-Companhia'),
(10, 'Brasil'),
(11, 'Contexto'),
(12, 'Universo dos Livros'),
(13, 'HarperCollins'),
(14, 'João Carlos Moreira '),
(15, 'Scipione'),
(16, 'Editora Lafonte'),
(17, 'Seguinte'),
(18, 'Editora Vozes'),
(19, 'Pé da Letra'),
(20, 'Editora Unesp'),
(21, 'Camelot Editora'),
(22, 'Alta Books'),
(23, '1'),
(24, 'Objetiva'),
(25, 'Contraponto Editora'),
(26, 'Bookman'),
(27, 'Edipro'),
(28, 'Publifolha'),
(29, 'Artmed'),
(30, 'Editora Interciência'),
(31, 'Saraiva Didáticos'),
(32, 'Ática Didáticos'),
(33, 'Moderna'),
(34, 'Companhia das Letras'),
(35, 'InterSaberes'),
(36, 'Valentina'),
(37, 'Globo Livros'),
(38, 'Jardim dos Livros'),
(39, 'Veneta'),
(40, '	Edipro'),
(41, 'Saraiva Uni'),
(42, 'Autêntica'),
(43, 'Zahar'),
(44, 'BestBolso'),
(45, 'Edusp'),
(46, 'Citadel'),
(47, 'Intrínseca'),
(48, 'Editora Sextante'),
(49, 'Nova Fronteira');

--
-- Despejando dados para a tabela `livros`
--

INSERT INTO `livros` (`idlivros`, `nome_livros`, `qnt_livros`, `editora_ideditora`, `capas_idcapas`) VALUES
(1, 'Os Lusíadas', 2, 2, 1),
(2, 'O cortiço', 2, 3, 2),
(3, 'Macunaíma: o herói sem nenhum caráter', 2, 4, 3),
(4, 'Os sertões', 2, 5, 4),
(5, 'A Hora da Estrela', 2, 6, 5),
(6, 'O Gato Preto', 2, 4, 6),
(7, 'Vidas secas', 2, 7, 7),
(8, 'Dom Casmurro', 2, 8, 8),
(9, 'Memórias póstumas de Brás Cubas', 2, 9, 9),
(10, 'O Alienista', 1, 9, 10),
(11, 'Conexões & Vivências', 4, 10, 11),
(12, 'História do Brasil colônia', 2, 11, 12),
(13, 'Amplitude', 2, 10, 13),
(14, 'O voluntário de Auschwitz', 2, 12, 14),
(15, 'Memórias da Segunda Guerra', 2, 13, 15),
(16, 'O Atlas da Terra-média', 2, 13, 16),
(17, 'Geografia geral e do Brasil', 2, 15, 17),
(18, 'A república', 2, 16, 18),
(19, 'O mundo de Sofia', 2, 17, 19),
(20, 'Sociedade do cansaço', 4, 18, 20),
(21, '91 Truques Matemáticos Legais', 2, 19, 21),
(22, 'Introdução à lógica', 2, 20, 22),
(23, 'O Grande Livro de Raciocínio e Lógica ', 2, 21, 23),
(24, 'Trigonometria Para Leigos', 1, 22, 24),
(25, 'Álgebra I para leigos', 2, 22, 25),
(26, 'Física na Escola de Hoje - Eletricidade - Vol', 1, 15, 26),
(27, 'Física na Escola de Hoje - Eletricidade - Vol', 1, 15, 27),
(28, 'Física na Escola de Hoje - Eletricidade - Vol', 1, 15, 28),
(29, 'Física: Cinemática', 2, 23, 29),
(30, 'Sete breves lições de física', 2, 24, 30),
(31, 'Sobre as leis da física', 2, 25, 31),
(32, 'Física Conceitual', 1, 26, 32),
(33, 'A Origem das Espécies', 2, 27, 33),
(34, 'Biologia - 50 Conceitos', 2, 28, 34),
(35, 'Biologia Molecular da Célula', 2, 29, 35),
(36, 'Princípios de Bioquímica de Lehninger', 4, 29, 36),
(37, 'Ecologia Marinha', 2, 30, 37),
(38, 'Bio', 2, 31, 38),
(39, 'Biologia', 2, 32, 39),
(40, 'Fundamentos da Biologia Moderna', 4, 33, 40),
(41, 'Biologia, ciência única', 2, 34, 41),
(42, 'Fundamentos de biologia molecular e celular ', 1, 35, 42),
(43, 'A História do Mundo para quem tem pressa ', 2, 36, 43),
(44, '1822', 2, 37, 44),
(45, 'A Arte da Guerra', 2, 38, 45),
(46, 'O diário de Anne Frank', 2, 7, 46),
(47, 'Palestina ', 2, 39, 47),
(48, 'O Príncipe de Maquiavel', 2, 40, 48),
(49, 'Matemática aplicada', 2, 41, 49),
(50, 'Matemática e Arte', 3, 42, 50),
(51, 'Sou péssimo em matemática', 2, 13, 51),
(52, 'O andar do bêbado', 2, 43, 52),
(53, 'O último teorema de Fermat', 4, 44, 53),
(54, 'A Natureza do Espaço', 2, 45, 54),
(55, 'Geografia do Brasil ', 1, 45, 55),
(56, 'Por uma outra globalização', 2, 7, 56),
(57, 'Israel x Palestina: 100 Anos de Guerra', 2, 40, 57),
(58, 'A cada passo', 2, 46, 58),
(59, 'A Sociedade Feudal', 2, 40, 59),
(60, 'Breves respostas para grandes questões', 3, 47, 60),
(61, 'A navalha de Ockham', 2, 48, 61),
(62, 'Tempo: O sonho de matar Chronos ', 2, 43, 62),
(63, 'Física em 12 lições', 2, 49, 63),
(64, 'Física I Para Leigos', 1, 22, 64);

--
-- Despejando dados para a tabela `livros_autor`
--

INSERT INTO `livros_autor` (`idlivros_autor`, `livros_id`, `autor_id`) VALUES
(1, 1, 1),
(2, 2, 2),
(3, 3, 3),
(4, 4, 4),
(5, 5, 5),
(6, 6, 6),
(7, 7, 7),
(8, 8, 8),
(9, 9, 8),
(10, 10, 8),
(11, 11, 10),
(12, 11, 9),
(13, 12, 11),
(14, 13, 12),
(15, 13, 13),
(16, 14, 14),
(17, 15, 15),
(18, 16, 16),
(19, 17, 17),
(20, 18, 18),
(21, 19, 19),
(22, 20, 20),
(23, 21, 21),
(24, 22, 22),
(25, 23, 23),
(26, 24, 24),
(27, 25, 24),
(28, 26, 25),
(29, 27, 25),
(30, 28, 25),
(31, 29, 26),
(32, 30, 28),
(33, 31, 29),
(34, 32, 30),
(35, 33, 31),
(36, 34, 32),
(37, 35, 36),
(38, 35, 34),
(39, 35, 33),
(40, 35, 35),
(41, 35, 37),
(42, 36, 38),
(43, 36, 39),
(44, 37, 42),
(45, 38, 44),
(46, 38, 43),
(47, 39, 45),
(48, 39, 47),
(49, 39, 46),
(50, 40, 48),
(51, 40, 49),
(52, 41, 50),
(53, 42, 51),
(54, 43, 52),
(55, 44, 53),
(56, 45, 54),
(57, 46, 55),
(58, 47, 56),
(59, 48, 57),
(60, 49, 58),
(61, 50, 59),
(62, 51, 60),
(63, 52, 61),
(64, 53, 62),
(65, 54, 63),
(66, 55, 64),
(67, 55, 66),
(68, 55, 68),
(69, 55, 65),
(70, 55, 67),
(71, 56, 63),
(72, 57, 69),
(73, 58, 70),
(74, 59, 71),
(75, 60, 72),
(76, 61, 73),
(77, 62, 74),
(78, 63, 75),
(79, 64, 76);

--
-- Despejando dados para a tabela `livros_categoria`
--

INSERT INTO `livros_categoria` (`idlivros_categoria`, `livros_id`, `categoria_id`) VALUES
(1, 1, 1),
(2, 2, 1),
(3, 3, 1),
(4, 4, 1),
(5, 5, 1),
(6, 6, 1),
(7, 7, 1),
(8, 8, 1),
(9, 9, 1),
(10, 10, 1),
(11, 11, 3),
(12, 11, 2),
(13, 12, 2),
(14, 12, 4),
(15, 13, 3),
(16, 13, 4),
(17, 14, 2),
(18, 14, 4),
(19, 15, 2),
(20, 15, 4),
(21, 16, 3),
(22, 16, 4),
(23, 17, 3),
(24, 17, 4),
(25, 18, 5),
(26, 18, 4),
(27, 19, 5),
(28, 19, 4),
(29, 20, 5),
(30, 20, 4),
(31, 20, 6),
(32, 21, 8),
(33, 21, 7),
(34, 22, 8),
(35, 22, 7),
(36, 23, 8),
(37, 23, 7),
(38, 24, 8),
(39, 24, 7),
(40, 25, 8),
(41, 25, 7),
(42, 26, 8),
(43, 26, 9),
(44, 27, 8),
(45, 27, 9),
(46, 28, 8),
(47, 28, 9),
(48, 29, 8),
(49, 29, 9),
(50, 30, 8),
(51, 30, 9),
(52, 31, 8),
(53, 31, 9),
(54, 32, 8),
(55, 32, 9),
(56, 33, 11),
(57, 33, 10),
(58, 34, 11),
(59, 34, 10),
(60, 35, 11),
(61, 35, 10),
(62, 36, 11),
(63, 36, 10),
(64, 37, 11),
(65, 37, 10),
(66, 38, 11),
(67, 38, 10),
(68, 39, 11),
(69, 39, 10),
(70, 40, 11),
(71, 40, 10),
(72, 41, 11),
(73, 41, 10),
(74, 42, 11),
(75, 42, 10),
(76, 43, 2),
(77, 44, 2),
(78, 45, 2),
(79, 46, 2),
(80, 47, 2),
(81, 48, 2),
(82, 49, 7),
(83, 50, 7),
(84, 51, 7),
(85, 52, 7),
(86, 53, 7),
(87, 54, 3),
(88, 55, 3),
(89, 56, 3),
(90, 57, 3),
(91, 58, 3),
(92, 59, 3),
(93, 60, 9),
(94, 61, 9),
(95, 62, 9),
(96, 63, 9),
(97, 64, 9);
COMMIT;

/*!40101 SET CHARACTER_SET_CLIENT=@OLD_CHARACTER_SET_CLIENT */;
/*!40101 SET CHARACTER_SET_RESULTS=@OLD_CHARACTER_SET_RESULTS */;
/*!40101 SET COLLATION_CONNECTION=@OLD_COLLATION_CONNECTION */;
